generation,evaluations,best_fitness,mean_fitness,std_fitness,worst_fitness,mean_sigma,std_sigma
0,20,1.8297533468542273,1.9915625287139078,0.04699350417070148,2.056545939504999,0.10000000000000002,0.0
1,40,1.8297533468542273,1.9631346176193638,0.03489232657805937,1.9906247530434977,0.09938022374515713,0.0028527731569273525
2,60,1.8297533468542273,1.9478518675430654,0.03548366254748452,1.973292024812559,0.09827422257095576,0.0044698549001960085
3,80,1.8297533468542273,1.9161286610306785,0.03658096818095935,1.960824165616728,0.10042714237360942,0.0038717761007800015
4,100,1.8297533468542273,1.8881454587876925,0.030660942298307136,1.9293113674327882,0.10034393167767094,0.003823001542916261
5,120,1.8297533468542273,1.8667167300733822,0.018398696939774674,1.900251260245402,0.10008902176986123,0.005459627848001264
6,140,1.8122477952342302,1.853662675804862,0.01769936303021083,1.876374560693631,0.09961026202782586,0.005279370426434324
7,160,1.8122477952342302,1.8486991321812716,0.01575048288773795,1.8669717206244891,0.09872789807437753,0.006491543566350406
8,180,1.770702156736004,1.8415565629621167,0.02158856644484396,1.8630331827908875,0.09885541806277136,0.006267946725451707
9,200,1.7580202526126305,1.832108176260577,0.026079788689940642,1.8588684199140741,0.09986747977000487,0.006345805386057389
10,220,1.7492875356696407,1.8169020593879694,0.027521863023833765,1.8481575184415395,0.0994596411826307,0.00500409019613358
11,240,1.7492875356696407,1.8021993301365797,0.027281568691074322,1.8343006930297245,0.09982284877429307,0.004295366250985527
12,260,1.7412314212307052,1.7867229720381697,0.02417793876940469,1.8180582381443808,0.1000641838188456,0.0038169046046295126
13,280,1.7412314212307052,1.7770812709448314,0.019004910452809356,1.8064804732106996,0.09999882385015355,0.004443012371406452
14,300,1.7412314212307052,1.7734771999296846,0.017724450936583026,1.8001649355520846,0.10052896417722515,0.004756876858038403
15,320,1.7412314212307052,1.771913823016855,0.01664779209407728,1.7996224155318845,0.10019533405701778,0.005482680011985871
16,340,1.738688409932246,1.7654920275642563,0.014065910740703621,1.7867446391777233,0.0986712434703962,0.005259883548841165
17,360,1.7381820962611272,1.7597032360853695,0.012376647842393257,1.7778170250132064,0.09830410148718116,0.006013704028484132
18,380,1.7058545528752456,1.7520001576523208,0.015421101674174417,1.770702156736004,0.09842762570758859,0.00519846832532137
19,400,1.6933167647216516,1.7479208802510253,0.019226378384772744,1.7685018069366176,0.0989626286306452,0.004391527252217731
20,420,1.6933167647216516,1.7447608788886293,0.018235666034087855,1.7646972412839492,0.0978253869222405,0.004266578796958607
21,440,1.6933167647216516,1.7443254680392009,0.01785442713404354,1.763330615712754,0.09735521512685555,0.004718640460132799
22,460,1.6933167647216516,1.740562593541671,0.01585189979586292,1.7598403985334177,0.09675565690045865,0.004513622252504861
23,480,1.6933167647216516,1.7379040936812469,0.016519032518939707,1.7559890242953837,0.09681200363047468,0.005163722637220921
24,500,1.6933167647216516,1.7323777001949376,0.018571545665453014,1.7538862932195085,0.09902600559518507,0.006289772627381833
25,520,1.6933167647216516,1.7299910550236757,0.017161397031997615,1.7492875356696407,0.09897023284058429,0.006389807246985524
26,540,1.6933167647216516,1.7255373464446773,0.01743997630178014,1.7433721563593565,0.09872824008904971,0.0064270795325845715
27,560,1.6933167647216516,1.7242966071328205,0.01656402065926941,1.7412314212307052,0.09789852526844571,0.006094147282468667
28,580,1.6933167647216516,1.722216943111031,0.016914620292444563,1.74060105137735,0.09819438860502885,0.006023479866306847
29,600,1.6933167647216516,1.722216943111031,0.016914620292444563,1.74060105137735,0.09819438860502885,0.006023479866306847
30,620,1.6909730170215007,1.7197355413932383,0.017659484680746716,1.7404473130281346,0.09811429298881628,0.006062389993157244
31,640,1.6909730170215007,1.7188675282225567,0.016924422205275236,1.738688409932246,0.09825179546218006,0.006200009332286996
32,660,1.6909730170215007,1.7167460608507468,0.016083626474229323,1.7364164646182123,0.0981068343301881,0.006282638157953012
33,680,1.6909730170215007,1.7167460608507468,0.016083626474229323,1.7364164646182123,0.0981068343301881,0.006282638157953012
34,700,1.6909730170215007,1.7144553885697846,0.015811037866702293,1.7338394383413371,0.09783411409050424,0.00646699265707137
35,720,1.6909730170215007,1.7097654495696752,0.014501596933531232,1.73197836151389,0.09838401919542884,0.006649530894492182
36,740,1.6909730170215007,1.7097654495696752,0.014501596933531232,1.73197836151389,0.09838401919542884,0.006649530894492182
37,760,1.6909730170215007,1.708069936462071,0.01376925111132606,1.730715120594156,0.09897153982186196,0.006483531453191698
38,780,1.6909730170215007,1.708069936462071,0.01376925111132606,1.730715120594156,0.09897153982186196,0.006483531453191698
39,800,1.6909730170215007,1.708069936462071,0.01376925111132606,1.730715120594156,0.09897153982186196,0.006483531453191698
40,820,1.6909730170215007,1.708069936462071,0.01376925111132606,1.730715120594156,0.09897153982186196,0.006483531453191698
41,840,1.6909730170215007,1.708069936462071,0.01376925111132606,1.730715120594156,0.09897153982186196,0.006483531453191698
42,860,1.6909730170215007,1.708069936462071,0.01376925111132606,1.730715120594156,0.09897153982186196,0.006483531453191698
43,880,1.6909730170215007,1.708069936462071,0.01376925111132606,1.730715120594156,0.09897153982186196,0.006483531453191698
44,900,1.6909730170215007,1.7063046407114317,0.011846549873599323,1.7293747341635164,0.0986123085334062,0.006953648173737053
45,920,1.6909730170215007,1.7063046407114317,0.011846549873599323,1.7293747341635164,0.0986123085334062,0.006953648173737053
46,940,1.6909730170215007,1.7060810663064463,0.01144441802152321,1.7270580213771793,0.09815934859378271,0.007090504295965016
47,960,1.6745400647356485,1.7034551684743697,0.012321504422323395,1.7259233642589518,0.09762495520623825,0.007209894592899898
48,980,1.6745400647356485,1.6994387241475852,0.010981599214843213,1.7186491733650398,0.09660220106912412,0.007563108143985146
49,1000,1.6745400647356485,1.6994387241475852,0.010981599214843213,1.7186491733650398,0.09660220106912412,0.007563108143985146
50,1020,1.6745400647356485,1.6992631815886643,0.010697500039635143,1.718208190398609,0.09638736375948548,0.007625293599178943
51,1040,1.6745400647356485,1.6983302716774524,0.009778784754289043,1.7151383221866188,0.09569005779830689,0.007982371408978178
52,1060,1.6745400647356485,1.6968941642312214,0.009302364518245936,1.7132891442167482,0.09614207899269284,0.008024863842898904
53,1080,1.6745400647356485,1.6968941642312214,0.009302364518245936,1.7132891442167482,0.09614207899269284,0.008024863842898904
54,1100,1.6693737505557045,1.6917260373414997,0.010241563875996527,1.7058545528752456,0.09499626526891493,0.007123732568884501
55,1120,1.6693737505557045,1.6911301881097027,0.009736446487570265,1.7050664245936524,0.09481403393222006,0.007079238903227018
56,1140,1.6693737505557045,1.6907957136771112,0.00935955930584065,1.7035837785648185,0.09478503811813448,0.007082840312306485
57,1160,1.6693737505557045,1.6907957136771112,0.00935955930584065,1.7035837785648185,0.09478503811813448,0.007082840312306485
58,1180,1.6693737505557045,1.69075781518259,0.009309100021335323,1.7028258086743875,0.09463703254563867,0.007051127686955296
59,1200,1.6693737505557045,1.69075781518259,0.009309100021335323,1.7028258086743875,0.09463703254563867,0.007051127686955296
60,1220,1.6693737505557045,1.6891449639808713,0.008512821316135273,1.6995499921743702,0.09463630773976504,0.006926950987975986
61,1240,1.6693737505557045,1.6891449639808713,0.008512821316135273,1.6995499921743702,0.09463630773976504,0.006926950987975986
62,1260,1.6693737505557045,1.6880979997491976,0.008456198318974411,1.6985409324926553,0.09525278560853043,0.006588474118950808
63,1280,1.6693737505557045,1.687258385030558,0.008106414250352184,1.6980680993618025,0.09335662282281383,0.0049420033265454326
64,1300,1.6693737505557045,1.687258385030558,0.008106414250352184,1.6980680993618025,0.09335662282281383,0.0049420033265454326
65,1320,1.6693737505557045,1.687258385030558,0.008106414250352184,1.6980680993618025,0.09335662282281383,0.0049420033265454326
66,1340,1.6693737505557045,1.686216041380121,0.007988879973589717,1.6973161618556083,0.09260545678844037,0.0045946502321364616
67,1360,1.6693737505557045,1.686216041380121,0.007988879973589717,1.6973161618556083,0.09260545678844037,0.0045946502321364616
68,1380,1.6693737505557045,1.6858534624106436,0.007633522739817301,1.6972020535736265,0.09297195000158745,0.004977464511881882
69,1400,1.6693737505557045,1.6858534624106436,0.007633522739817301,1.6972020535736265,0.09297195000158745,0.004977464511881882
70,1420,1.6693737505557045,1.685689909758204,0.007420695720704309,1.6950195710261364,0.09253368563100986,0.004912292764114013
71,1440,1.6693737505557045,1.685689909758204,0.007420695720704309,1.6950195710261364,0.09253368563100986,0.004912292764114013
72,1460,1.6693737505557045,1.685689909758204,0.007420695720704309,1.6950195710261364,0.09253368563100986,0.004912292764114013
73,1480,1.6693737505557045,1.685689909758204,0.007420695720704309,1.6950195710261364,0.09253368563100986,0.004912292764114013
74,1500,1.6693737505557045,1.6854756135808902,0.007206985338488845,1.6941922122691946,0.09231080219524443,0.004963405911186269
75,1520,1.6516390702086807,1.6833479564778648,0.010042924955184237,1.6939375682393165,0.0922177081272383,0.004956358408692733
76,1540,1.6516390702086807,1.6833479564778648,0.010042924955184237,1.6939375682393165,0.0922177081272383,0.004956358408692733
77,1560,1.6516390702086807,1.6833479564778648,0.010042924955184237,1.6939375682393165,0.0922177081272383,0.004956358408692733
78,1580,1.6516390702086807,1.6833479564778648,0.010042924955184237,1.6939375682393165,0.0922177081272383,0.004956358408692733
79,1600,1.6516390702086807,1.6828920467371826,0.009754678236242029,1.693931000524844,0.09200345122846695,0.004931935027488682
80,1620,1.6516390702086807,1.6828920467371826,0.009754678236242029,1.693931000524844,0.09200345122846695,0.004931935027488682
