variant,seed,final_fitness,normalized_auc
adaptive,0,1.639796332828099,1.6941427519205525
adaptive,1,1.750022250405973,1.7894683883863018
adaptive,2,1.5018125197481011,1.6295617758873504
adaptive,3,1.6516390702086807,1.70123446281396
adaptive,4,1.5947041492785428,1.6773446983437796
adaptive,5,1.7294046963905834,1.7712339760241573
adaptive,6,1.7523080943566887,1.8009622253816209
adaptive,7,1.6870147702467022,1.7583962175258239
adaptive,8,1.6936478358858427,1.77606878081484
adaptive,9,1.4958721282951142,1.612549203086844
adaptive,10,1.583836213445831,1.6745587915863254
adaptive,11,1.5684176163161827,1.6581417927595095
adaptive,12,1.672986445536345,1.7246784874925893
adaptive,13,1.7429122949459919,1.7832310633665776
adaptive,14,1.5280009089408033,1.6090547204416326
fixed,0,1.6275332623708745,1.6640335393744277
fixed,1,1.607647066545809,1.7461469786599384
fixed,2,1.5697112302190406,1.727340313373965
fixed,3,1.493552666054329,1.5808523030472172
fixed,4,1.683487097308927,1.74485581626866
fixed,5,1.7437516904192691,1.7720743060313893
fixed,6,1.7498257980202774,1.7975292396249094
fixed,7,1.7244464150541075,1.7721373874543354
fixed,8,1.4877800497804776,1.5869537726661367
fixed,9,1.519837019096128,1.6174282578776507
fixed,10,1.6018332818447936,1.6858740444335336
fixed,11,1.5142533197709798,1.689754809852891
fixed,12,1.5878792894428893,1.6581777122793462
fixed,13,1.7645195835527185,1.8152459206808444
fixed,14,1.5494326769732394,1.629061536739713
random,0,1.8200278946502788,1.8734627066758243
random,1,1.8222677768594837,1.8469006073374556
random,2,1.856457529911261,1.8698578623232607
random,3,1.8297533468542273,1.8297533468542273
random,4,1.8225470960770151,1.8360097834966478
random,5,1.8438623143814623,1.8564464417748916
random,6,1.8144265804582262,1.8449155718641732
random,7,1.8249654546878902,1.855164580781202
random,8,1.869944003326784,1.88068384556159
random,9,1.8175567205157843,1.8324634593045088
random,10,1.8380485117710925,1.8950358606308202
random,11,1.846968154059555,1.8777994564108835
random,12,1.7999814473154523,1.8232563982364982
random,13,1.8243492473363352,1.8577524560466128
random,14,1.8387717802143841,1.851566240496374
